quote_date,item_id,p_mean,p_75,p_median,p_25,date,dateStata,dateISO,obs,year,month,quarter,_merge,itemName
199702,630425,13.23626,16.99,12.99,9.99,109,01/02/1997,01/02/1997,111216,1997,2,1,Matched (3),Non Fiction Harback
199703,630425,13.27607,16,12.99,9.99,110,01/03/1997,01/03/1997,110302,1997,3,1,Matched (3),Non Fiction Harback
199704,630425,13.73663,16,12.99,10.99,111,01/04/1997,01/04/1997,113726,1997,4,2,Matched (3),Non Fiction Harback
199705,630425,14.28158,16,13,10.99,112,01/05/1997,01/05/1997,116191,1997,5,2,Matched (3),Non Fiction Harback
199706,630425,14.24853,16.99,12.99,12,113,01/06/1997,01/06/1997,118238,1997,6,2,Matched (3),Non Fiction Harback
199707,630425,14.16712,16.99,12.99,11.995,114,01/07/1997,01/07/1997,117317,1997,7,3,Matched (3),Non Fiction Harback
199708,630425,14.47289,15,14.99,12,115,01/08/1997,01/08/1997,116676,1997,8,3,Matched (3),Non Fiction Harback
199709,630425,15.18838,17.5,15,12,116,01/09/1997,01/09/1997,117704,1997,9,3,Matched (3),Non Fiction Harback
199710,630425,15.36832,16.99,14.99,12.99,117,01/10/1997,01/10/1997,117099,1997,10,4,Matched (3),Non Fiction Harback
199711,630425,15.56917,16.99,15.99,12.99,118,01/11/1997,01/11/1997,117659,1997,11,4,Matched (3),Non Fiction Harback
199712,630425,15.42398,16.99,14.99,12.99,119,01/12/1997,01/12/1997,117241,1997,12,4,Matched (3),Non Fiction Harback
199801,630425,16.71525,18.99,16.99,14.99,120,01/01/1998,01/01/1998,115152,1998,1,1,Matched (3),Non Fiction Harback
199802,630425,16.64521,19.99,16.99,14.99,121,01/02/1998,01/02/1998,103493,1998,2,1,Matched (3),Non Fiction Harback
199803,630425,16.05097,16.99,15.99,14.99,122,01/03/1998,01/03/1998,105832,1998,3,1,Matched (3),Non Fiction Harback
199804,630425,14.90117,16.99,14.99,11.49,123,01/04/1998,01/04/1998,107681,1998,4,2,Matched (3),Non Fiction Harback
199805,630425,16.21365,16.99,16.49,14.99,124,01/05/1998,01/05/1998,109251,1998,5,2,Matched (3),Non Fiction Harback
199806,630425,15.74582,16.99,14.99,12.99,125,01/06/1998,01/06/1998,111444,1998,6,2,Matched (3),Non Fiction Harback
199807,630425,15.86026,16.99,16.99,12.99,126,01/07/1998,01/07/1998,109571,1998,7,3,Matched (3),Non Fiction Harback
199808,630425,16.86486,19.99,16.99,14.99,127,01/08/1998,01/08/1998,108215,1998,8,3,Matched (3),Non Fiction Harback
199809,630425,17.01636,17.99,16.99,14.99,128,01/09/1998,01/09/1998,109148,1998,9,3,Matched (3),Non Fiction Harback
199810,630425,16.58458,17.99,15.99,14.99,129,01/10/1998,01/10/1998,108530,1998,10,4,Matched (3),Non Fiction Harback
199811,630425,16.28008,18.99,16,14.99,130,01/11/1998,01/11/1998,110134,1998,11,4,Matched (3),Non Fiction Harback
199812,630425,15.56573,16.99,15.995,13.995,131,01/12/1998,01/12/1998,109954,1998,12,4,Matched (3),Non Fiction Harback
199901,630425,16.34561,18,16.99,14.99,132,01/01/1999,01/01/1999,76829,1999,1,1,Matched (3),Non Fiction Harback
199902,630425,16.65083,18.99,16.99,14.99,133,01/02/1999,01/02/1999,103893,1999,2,1,Matched (3),Non Fiction Harback
199903,630425,16.50357,18.99,16.99,14.99,134,01/03/1999,01/03/1999,106210,1999,3,1,Matched (3),Non Fiction Harback
199904,630425,15.67492,16.99,15.99,12.99,135,01/04/1999,01/04/1999,107934,1999,4,2,Matched (3),Non Fiction Harback
199905,630425,15.25576,16.99,14.99,12.99,136,01/05/1999,01/05/1999,109518,1999,5,2,Matched (3),Non Fiction Harback
199906,630425,15.37736,16.99,14.99,12.99,137,01/06/1999,01/06/1999,110967,1999,6,2,Matched (3),Non Fiction Harback
199907,630425,15.37135,16.99,14.99,12.99,138,01/07/1999,01/07/1999,109979,1999,7,3,Matched (3),Non Fiction Harback
199908,630425,14.8509,14.99,14.99,12.99,139,01/08/1999,01/08/1999,107986,1999,8,3,Matched (3),Non Fiction Harback
199909,630425,14.49422,14.99,14.99,12.99,140,01/09/1999,01/09/1999,108310,1999,9,3,Matched (3),Non Fiction Harback
199910,630425,14.90414,16.99,13.99,12.99,141,01/10/1999,01/10/1999,108626,1999,10,4,Matched (3),Non Fiction Harback
199911,630425,14.6378,15.99,13.99,12.99,142,01/11/1999,01/11/1999,108959,1999,11,4,Matched (3),Non Fiction Harback
199912,630425,14.29769,14.99,13.99,12.99,143,01/12/1999,01/12/1999,110478,1999,12,4,Matched (3),Non Fiction Harback
200001,630425,15.21448,17.99,13.99,12.99,144,01/01/2000,01/01/2000,105846,2000,1,1,Matched (3),Non Fiction Harback
200002,630425,15.22585,17.99,14.99,12.99,145,01/02/2000,01/02/2000,99732,2000,2,1,Matched (3),Non Fiction Harback
200003,630425,15.30364,17.99,14.99,12.99,146,01/03/2000,01/03/2000,103687,2000,3,1,Matched (3),Non Fiction Harback
200004,630425,15.39913,17.99,16.99,12.99,147,01/04/2000,01/04/2000,106130,2000,4,2,Matched (3),Non Fiction Harback
200005,630425,15.42542,17.99,16.99,12.99,148,01/05/2000,01/05/2000,107453,2000,5,2,Matched (3),Non Fiction Harback
200006,630425,15.26817,17.99,16.99,12.99,149,01/06/2000,01/06/2000,106540,2000,6,2,Matched (3),Non Fiction Harback
200007,630425,14.45922,16.99,14.99,12.99,150,01/07/2000,01/07/2000,107334,2000,7,3,Matched (3),Non Fiction Harback
200008,630425,14.3162,16.99,12.99,12.99,151,01/08/2000,01/08/2000,104159,2000,8,3,Matched (3),Non Fiction Harback
200009,630425,14.29921,16.99,12.99,12.99,152,01/09/2000,01/09/2000,104363,2000,9,3,Matched (3),Non Fiction Harback
200010,630425,14.26622,16.99,12.99,12.99,153,01/10/2000,01/10/2000,105335,2000,10,4,Matched (3),Non Fiction Harback
200011,630425,14.52106,16.99,12.99,12.99,154,01/11/2000,01/11/2000,105762,2000,11,4,Matched (3),Non Fiction Harback
200012,630425,14.97614,16.99,12.99,12.99,155,01/12/2000,01/12/2000,106142,2000,12,4,Matched (3),Non Fiction Harback
200101,630425,16.05873,16.99,16.99,12.99,156,01/01/2001,01/01/2001,102504,2001,1,1,Matched (3),Non Fiction Harback
200102,630425,16.62762,16.99,16,12.99,157,01/02/2001,01/02/2001,104038,2001,2,1,Matched (3),Non Fiction Harback
200103,630425,14.89008,16.99,14.99,12.99,158,01/03/2001,01/03/2001,104696,2001,3,1,Matched (3),Non Fiction Harback
200104,630425,14.46595,16.99,14.99,11.99,159,01/04/2001,01/04/2001,105771,2001,4,2,Matched (3),Non Fiction Harback
200105,630425,13.99935,16.99,12.99,9.99,160,01/05/2001,01/05/2001,108055,2001,5,2,Matched (3),Non Fiction Harback
200106,630425,13.69733,14.99,12.99,12.99,161,01/06/2001,01/06/2001,109596,2001,6,2,Matched (3),Non Fiction Harback
200107,630425,13.74066,14.99,12.99,12.99,162,01/07/2001,01/07/2001,108549,2001,7,3,Matched (3),Non Fiction Harback
200108,630425,13.64097,12.99,12.99,12.99,163,01/08/2001,01/08/2001,106934,2001,8,3,Matched (3),Non Fiction Harback
200109,630425,13.49232,12.99,12.99,12.99,164,01/09/2001,01/09/2001,105656,2001,9,3,Matched (3),Non Fiction Harback
200110,630425,13.64973,13.99,12.99,12.99,165,01/10/2001,01/10/2001,106902,2001,10,4,Matched (3),Non Fiction Harback
200111,630425,14.17476,14.99,12.99,12.99,166,01/11/2001,01/11/2001,107581,2001,11,4,Matched (3),Non Fiction Harback
200112,630425,13.772,13.99,12.99,12.99,167,01/12/2001,01/12/2001,106644,2001,12,4,Matched (3),Non Fiction Harback
200201,630425,14.33809,15.99,12.99,12.99,168,01/01/2002,01/01/2002,104308,2002,1,1,Matched (3),Non Fiction Harback
200202,630425,15.02867,17.99,12.99,12.99,169,01/02/2002,01/02/2002,102172,2002,2,1,Matched (3),Non Fiction Harback
200203,630425,15.25394,17.99,13.99,12.99,170,01/03/2002,01/03/2002,104671,2002,3,1,Matched (3),Non Fiction Harback
200204,630425,14.83906,17.99,12.99,12.99,171,01/04/2002,01/04/2002,104217,2002,4,2,Matched (3),Non Fiction Harback
200205,630425,15.73257,17.99,14.99,14.99,172,01/05/2002,01/05/2002,106651,2002,5,2,Matched (3),Non Fiction Harback
200206,630425,16.42663,17.99,16.99,14.99,173,01/06/2002,01/06/2002,106955,2002,6,2,Matched (3),Non Fiction Harback
200207,630425,16.4725,17.99,16.99,14.99,174,01/07/2002,01/07/2002,106605,2002,7,3,Matched (3),Non Fiction Harback
200208,630425,16.31053,17.99,14.99,13.99,175,01/08/2002,01/08/2002,104997,2002,8,3,Matched (3),Non Fiction Harback
200209,630425,16.47913,17.99,16.99,13.99,176,01/09/2002,01/09/2002,103963,2002,9,3,Matched (3),Non Fiction Harback
200210,630425,15.78305,18.99,14.99,12.99,177,01/10/2002,01/10/2002,105493,2002,10,4,Matched (3),Non Fiction Harback
200211,630425,14.87811,15.99,13.99,12.99,178,01/11/2002,01/11/2002,106130,2002,11,4,Matched (3),Non Fiction Harback
200212,630425,14.38991,15,13.99,12.99,179,01/12/2002,01/12/2002,106032,2002,12,4,Matched (3),Non Fiction Harback
200301,630425,15.60955,18,15,12.99,180,01/01/2003,01/01/2003,103660,2003,1,1,Matched (3),Non Fiction Harback
200302,630425,15.54544,17.99,14.99,12.99,181,01/02/2003,01/02/2003,106569,2003,2,1,Matched (3),Non Fiction Harback
200303,630425,16.16861,19.99,15,14.99,182,01/03/2003,01/03/2003,107246,2003,3,1,Matched (3),Non Fiction Harback
200304,630425,15.59887,18.99,15,14.99,183,01/04/2003,01/04/2003,96279,2003,4,2,Matched (3),Non Fiction Harback
200305,630425,15.79568,20,15,12.99,184,01/05/2003,01/05/2003,99396,2003,5,2,Matched (3),Non Fiction Harback
200306,630425,16.00429,20,15,12.99,185,01/06/2003,01/06/2003,100902,2003,6,2,Matched (3),Non Fiction Harback
200307,630425,14.3825,16.99,14.99,11.49,186,01/07/2003,01/07/2003,101269,2003,7,3,Matched (3),Non Fiction Harback
200308,630425,14.69519,16.99,15,12.99,187,01/08/2003,01/08/2003,100534,2003,8,3,Matched (3),Non Fiction Harback
200309,630425,15.05058,16.99,15.99,12.98,188,01/09/2003,01/09/2003,101448,2003,9,3,Matched (3),Non Fiction Harback
200310,630425,14.3347,16,14.99,12.98,189,01/10/2003,01/10/2003,104513,2003,10,4,Matched (3),Non Fiction Harback
200311,630425,14.16955,16,14.99,12.98,190,01/11/2003,01/11/2003,109068,2003,11,4,Matched (3),Non Fiction Harback
200312,630425,13.66151,16,12.99,9.99,191,01/12/2003,01/12/2003,110012,2003,12,4,Matched (3),Non Fiction Harback
200401,630425,13.57748,17.99,12.99,9.99,192,01/01/2004,01/01/2004,107904,2004,1,1,Matched (3),Non Fiction Harback
200402,630425,13.64295,16.99,12.99,9.99,193,01/02/2004,01/02/2004,103439,2004,2,1,Matched (3),Non Fiction Harback
200403,630425,13.47652,16.99,12.99,9.99,194,01/03/2004,01/03/2004,105011,2004,3,1,Matched (3),Non Fiction Harback
200404,630425,12.2816,13.99,10.97,9.99,195,01/04/2004,01/04/2004,105509,2004,4,2,Matched (3),Non Fiction Harback
200405,630425,11.33105,13,9.99,9.96,196,01/05/2004,01/05/2004,107319,2004,5,2,Matched (3),Non Fiction Harback
200406,630425,11.39137,12.99,9.99,7.99,197,01/06/2004,01/06/2004,107774,2004,6,2,Matched (3),Non Fiction Harback
200407,630425,11.75536,13.99,9.99,9.97,198,01/07/2004,01/07/2004,106865,2004,7,3,Matched (3),Non Fiction Harback
200408,630425,11.89534,14.47,10.96,9.96,199,01/08/2004,01/08/2004,105050,2004,8,3,Matched (3),Non Fiction Harback
200409,630425,12.42761,15.99,10.96,9.99,200,01/09/2004,01/09/2004,104170,2004,9,3,Matched (3),Non Fiction Harback
200410,630425,12.00945,14.49,10.475,9.99,201,01/10/2004,01/10/2004,105471,2004,10,4,Matched (3),Non Fiction Harback
200411,630425,12.74817,15.99,12.97,9.99,202,01/11/2004,01/11/2004,106502,2004,11,4,Matched (3),Non Fiction Harback
200412,630425,14.09374,16.99,13.99,12,203,01/12/2004,01/12/2004,106782,2004,12,4,Matched (3),Non Fiction Harback
200501,630425,13.16016,15.99,12.97,9.99,204,01/01/2005,01/01/2005,103613,2005,1,1,Matched (3),Non Fiction Harback
200502,630425,15.80583,18.99,17.99,12.97,205,01/02/2005,01/02/2005,108851,2005,2,1,Matched (3),Non Fiction Harback
200503,630425,13.09376,14.99,12.99,9.99,206,01/03/2005,01/03/2005,109174,2005,3,1,Matched (3),Non Fiction Harback
200504,630425,12.57818,14.99,12,9.99,207,01/04/2005,01/04/2005,112133,2005,4,2,Matched (3),Non Fiction Harback
200505,630425,13.69307,17,12.97,10,208,01/05/2005,01/05/2005,111815,2005,5,2,Matched (3),Non Fiction Harback
200506,630425,13.50392,15.99,13.99,9.99,209,01/06/2005,01/06/2005,114133,2005,6,2,Matched (3),Non Fiction Harback
200507,630425,15.44953,17.99,14.99,13.99,210,01/07/2005,01/07/2005,112702,2005,7,3,Matched (3),Non Fiction Harback
200508,630425,15.76312,18.99,14.99,14.99,211,01/08/2005,01/08/2005,111794,2005,8,3,Matched (3),Non Fiction Harback
200509,630425,15.69464,18.99,14.99,12.99,212,01/09/2005,01/09/2005,111426,2005,9,3,Matched (3),Non Fiction Harback
200510,630425,15.07986,16.99,14.99,12.99,213,01/10/2005,01/10/2005,108500,2005,10,4,Matched (3),Non Fiction Harback
200511,630425,14.96258,15.99,14.99,13.99,214,01/11/2005,01/11/2005,104534,2005,11,4,Matched (3),Non Fiction Harback
200512,630425,13.2974,14.99,12.99,10.99,215,01/12/2005,01/12/2005,109077,2005,12,4,Matched (3),Non Fiction Harback
200601,630425,10.95113,12.99,9.96,9,216,01/01/2006,01/01/2006,104610,2006,1,1,Matched (3),Non Fiction Harback
200602,630425,15.31646,18.99,15.99,10.99,217,01/02/2006,01/02/2006,100465,2006,2,1,Matched (3),Non Fiction Harback
200603,630425,14.60248,18.99,14.99,10.99,218,01/03/2006,01/03/2006,103882,2006,3,1,Matched (3),Non Fiction Harback
200604,630425,13.29807,14.99,12.99,10.99,219,01/04/2006,01/04/2006,107567,2006,4,2,Matched (3),Non Fiction Harback
200605,630425,12.28761,12.99,11.99,9.99,220,01/05/2006,01/05/2006,109228,2006,5,2,Matched (3),Non Fiction Harback
200606,630425,12.17467,12.99,11.99,9.99,221,01/06/2006,01/06/2006,110194,2006,6,2,Matched (3),Non Fiction Harback
200607,630425,12.62187,13.99,12.99,9.99,222,01/07/2006,01/07/2006,107021,2006,7,3,Matched (3),Non Fiction Harback
200608,630425,12.43399,14.99,10.99,9.99,223,01/08/2006,01/08/2006,105147,2006,8,3,Matched (3),Non Fiction Harback
200609,630425,12.17403,13.99,10.99,9.99,224,01/09/2006,01/09/2006,105598,2006,9,3,Matched (3),Non Fiction Harback
200610,630425,12.85801,14.99,12.99,9.99,225,01/10/2006,01/10/2006,106345,2006,10,4,Matched (3),Non Fiction Harback
200611,630425,12.53952,15,12.99,9.96,226,01/11/2006,01/11/2006,107067,2006,11,4,Matched (3),Non Fiction Harback
200612,630425,13.10281,14.99,12.99,10.99,227,01/12/2006,01/12/2006,107974,2006,12,4,Matched (3),Non Fiction Harback
200701,630425,11.1485,12.99,9.5,8.695,228,01/01/2007,01/01/2007,94734,2007,1,1,Matched (3),Non Fiction Harback
200702,630425,14.2098,18,14.99,9.96,229,01/02/2007,01/02/2007,94993,2007,2,1,Matched (3),Non Fiction Harback
200703,630425,13.98429,16.99,15,9.975,230,01/03/2007,01/03/2007,99770,2007,3,1,Matched (3),Non Fiction Harback
200704,630425,13.4909,16.99,14.99,9.96,231,01/04/2007,01/04/2007,101168,2007,4,2,Matched (3),Non Fiction Harback
200705,630425,13.9111,16,14.99,9.99,232,01/05/2007,01/05/2007,102992,2007,5,2,Matched (3),Non Fiction Harback
200706,630425,13.02804,14.99,12.99,9.99,233,01/06/2007,01/06/2007,104456,2007,6,2,Matched (3),Non Fiction Harback
200707,630425,13.23509,15.995,12.99,9.96,234,01/07/2007,01/07/2007,103584,2007,7,3,Matched (3),Non Fiction Harback
200708,630425,13.3024,15.995,12.99,9.96,235,01/08/2007,01/08/2007,103198,2007,8,3,Matched (3),Non Fiction Harback
200709,630425,14.33385,17,14.99,10,236,01/09/2007,01/09/2007,103769,2007,9,3,Matched (3),Non Fiction Harback
200710,630425,13.39227,14.99,14,10,237,01/10/2007,01/10/2007,105114,2007,10,4,Matched (3),Non Fiction Harback
200711,630425,12.14799,14,12,9.5,238,01/11/2007,01/11/2007,107436,2007,11,4,Matched (3),Non Fiction Harback
200712,630425,12.84506,15,12.99,9.99,239,01/12/2007,01/12/2007,107286,2007,12,4,Matched (3),Non Fiction Harback
200801,630425,11.02069,13.99,9.5,9.49,240,01/01/2008,01/01/2008,102691,2008,1,1,Matched (3),Non Fiction Harback
200802,630425,14.89878,18.99,16,9.99,241,01/02/2008,01/02/2008,100511,2008,2,1,Matched (3),Non Fiction Harback
200803,630425,13.86127,16.99,12.99,11.99,242,01/03/2008,01/03/2008,105118,2008,3,1,Matched (3),Non Fiction Harback
200804,630425,13.27012,14.99,12.99,11.99,243,01/04/2008,01/04/2008,99887,2008,4,2,Matched (3),Non Fiction Harback
200805,630425,13.65915,14.99,14.99,11.99,244,01/05/2008,01/05/2008,100583,2008,5,2,Matched (3),Non Fiction Harback
200806,630425,14.77913,16.99,14.99,11.99,245,01/06/2008,01/06/2008,101446,2008,6,2,Matched (3),Non Fiction Harback
200807,630425,14.64745,16.99,15,10,246,01/07/2008,01/07/2008,102214,2008,7,3,Matched (3),Non Fiction Harback
200808,630425,13.91513,16.99,14.99,10,247,01/08/2008,01/08/2008,102314,2008,8,3,Matched (3),Non Fiction Harback
200809,630425,13.99776,16.99,14.99,10,248,01/09/2008,01/09/2008,102828,2008,9,3,Matched (3),Non Fiction Harback
200810,630425,12.31462,14,12.99,9.5,249,01/10/2008,01/10/2008,103994,2008,10,4,Matched (3),Non Fiction Harback
200811,630425,11.43213,14,10,9.49,250,01/11/2008,01/11/2008,104756,2008,11,4,Matched (3),Non Fiction Harback
200812,630425,10.55302,11.95,9.5,9.49,251,01/12/2008,01/12/2008,101854,2008,12,4,Matched (3),Non Fiction Harback
200901,630425,9.715955,10,9.49,8.49,252,01/01/2009,01/01/2009,98184,2009,1,1,Matched (3),Non Fiction Harback
200902,630425,14.73096,17,15.99,10,253,01/02/2009,01/02/2009,91764,2009,2,1,Matched (3),Non Fiction Harback
200903,630425,13.66101,16.99,12.99,9.5,254,01/03/2009,01/03/2009,97144,2009,3,1,Matched (3),Non Fiction Harback
200904,630425,13.13027,15,12.99,10,255,01/04/2009,01/04/2009,99211,2009,4,2,Matched (3),Non Fiction Harback
200905,630425,11.31924,13.99,10.99,9,256,01/05/2009,01/05/2009,100141,2009,5,2,Matched (3),Non Fiction Harback
200906,630425,11.13605,12.99,10.99,8.245,257,01/06/2009,01/06/2009,99984,2009,6,2,Matched (3),Non Fiction Harback
200907,630425,12.42835,15.99,12.99,9.95,258,01/07/2009,01/07/2009,100430,2009,7,3,Matched (3),Non Fiction Harback
200908,630425,13.07697,15.99,13.99,9.99,259,01/08/2009,01/08/2009,101010,2009,8,3,Matched (3),Non Fiction Harback
200909,630425,14.53531,16,14.99,12,260,01/09/2009,01/09/2009,102020,2009,9,3,Matched (3),Non Fiction Harback
200910,630425,13.11245,15,13,10,261,01/10/2009,01/10/2009,102962,2009,10,4,Matched (3),Non Fiction Harback
200911,630425,11.41193,13.95,10,9.97,262,01/11/2009,01/11/2009,104223,2009,11,4,Matched (3),Non Fiction Harback
200912,630425,11.15077,10,10,10,263,01/12/2009,01/12/2009,105319,2009,12,4,Matched (3),Non Fiction Harback
201001,630425,12.04313,14.995,10,10,264,01/01/2010,01/01/2010,101545,2010,1,1,Matched (3),Non Fiction Harback
201002,630425,15.25589,18,16,12.99,265,01/02/2010,01/02/2010,97889,2010,2,1,Matched (3),Non Fiction Harback
201003,630425,14.07431,14.99,13.99,12.99,266,01/03/2010,01/03/2010,102189,2010,3,1,Matched (3),Non Fiction Harback
201004,630425,14.32884,14.99,14.99,12.99,267,01/04/2010,01/04/2010,104566,2010,4,2,Matched (3),Non Fiction Harback
201005,630425,14.47702,16,14.99,12,268,01/05/2010,01/05/2010,105655,2010,5,2,Matched (3),Non Fiction Harback
201006,630425,13.57297,14.99,12.99,12,269,01/06/2010,01/06/2010,106532,2010,6,2,Matched (3),Non Fiction Harback
201007,630425,13.93944,16,13.99,11.99,270,01/07/2010,01/07/2010,107229,2010,7,3,Matched (3),Non Fiction Harback
201008,630425,14.41889,16.99,14.99,11.99,271,01/08/2010,01/08/2010,108091,2010,8,3,Matched (3),Non Fiction Harback
201009,630425,15.00704,16.99,15,11.95,272,01/09/2010,01/09/2010,108500,2010,9,3,Matched (3),Non Fiction Harback
201010,630425,13.46368,15,13,10,273,01/10/2010,01/10/2010,109466,2010,10,4,Matched (3),Non Fiction Harback
201011,630425,11.67959,13,10,10,274,01/11/2010,01/11/2010,109784,2010,11,4,Matched (3),Non Fiction Harback
201012,630425,12.36901,15,13,10,275,01/12/2010,01/12/2010,110303,2010,12,4,Matched (3),Non Fiction Harback
201101,630425,11.02162,11.95,10,10,276,01/01/2011,01/01/2011,107592,2011,1,1,Matched (3),Non Fiction Harback
201102,630425,16.96069,20,20,11.995,277,01/02/2011,01/02/2011,107243,2011,2,1,Matched (3),Non Fiction Harback
201103,630425,16.93495,20,20,15,278,01/03/2011,01/03/2011,111703,2011,3,1,Matched (3),Non Fiction Harback
201104,630425,15.15,20,14.99,12.99,279,01/04/2011,01/04/2011,110135,2011,4,2,Matched (3),Non Fiction Harback
201105,630425,14.45359,16.99,15,12.99,280,01/05/2011,01/05/2011,110905,2011,5,2,Matched (3),Non Fiction Harback
201106,630425,13.20063,15,12.99,10,281,01/06/2011,01/06/2011,110923,2011,6,2,Matched (3),Non Fiction Harback
201107,630425,13.89852,15,15,10,282,01/07/2011,01/07/2011,110938,2011,7,3,Matched (3),Non Fiction Harback
201108,630425,14.06343,15.99,15,10,283,01/08/2011,01/08/2011,111624,2011,8,3,Matched (3),Non Fiction Harback
201109,630425,13.88634,16,13.99,10,284,01/09/2011,01/09/2011,112468,2011,9,3,Matched (3),Non Fiction Harback
201110,630425,13.90023,15,13.99,11.99,285,01/10/2011,01/10/2011,112689,2011,10,4,Matched (3),Non Fiction Harback
201111,630425,12.68453,15,13,10,286,01/11/2011,01/11/2011,112558,2011,11,4,Matched (3),Non Fiction Harback
201112,630425,12.04721,15,10,9.5,287,01/12/2011,01/12/2011,113770,2011,12,4,Matched (3),Non Fiction Harback
201201,630425,11.28731,13.99,10,9.99,288,01/01/2012,01/01/2012,112915,2012,1,1,Matched (3),Non Fiction Harback
201202,630425,14.85146,18,16,10,289,01/02/2012,01/02/2012,109908,2012,2,1,Matched (3),Non Fiction Harback
201203,630425,14.20117,16.99,12.99,10,290,01/03/2012,01/03/2012,112591,2012,3,1,Matched (3),Non Fiction Harback
201204,630425,14.35,16.99,14.99,9.99,291,01/04/2012,01/04/2012,111722,2012,4,2,Matched (3),Non Fiction Harback
201205,630425,12.84394,14.99,12.99,9.99,292,01/05/2012,01/05/2012,112977,2012,5,2,Matched (3),Non Fiction Harback
201206,630425,13.20068,14.99,12.99,10.86,293,01/06/2012,01/06/2012,113464,2012,6,2,Matched (3),Non Fiction Harback
201207,630425,11.73252,14.99,11.99,9.99,294,01/07/2012,01/07/2012,112979,2012,7,3,Matched (3),Non Fiction Harback
201208,630425,12.35956,15,12.99,9.99,295,01/08/2012,01/08/2012,113779,2012,8,3,Matched (3),Non Fiction Harback
201209,630425,12.63354,14.99,12.99,10,296,01/09/2012,01/09/2012,113529,2012,9,3,Matched (3),Non Fiction Harback
201210,630425,13.53723,15,15,10,297,01/10/2012,01/10/2012,113193,2012,10,4,Matched (3),Non Fiction Harback
201211,630425,11.56149,15,9.99,8.49,298,01/11/2012,01/11/2012,112322,2012,11,4,Matched (3),Non Fiction Harback
201212,630425,12.40462,15,10,9.99,299,01/12/2012,01/12/2012,112522,2012,12,4,Matched (3),Non Fiction Harback
201301,630425,12.11952,15,10,9.99,300,01/01/2013,01/01/2013,112470,2013,1,1,Matched (3),Non Fiction Harback
201302,630425,13.46401,15.5,15,9.99,301,01/02/2013,01/02/2013,108915,2013,2,1,Matched (3),Non Fiction Harback
201303,630425,14.41792,17,15,10,302,01/03/2013,01/03/2013,112073,2013,3,1,Matched (3),Non Fiction Harback
201304,630425,13.15263,16.99,12.99,9,303,01/04/2013,01/04/2013,111932,2013,4,2,Matched (3),Non Fiction Harback
201305,630425,13.27329,16,13.99,9.99,304,01/05/2013,01/05/2013,112460,2013,5,2,Matched (3),Non Fiction Harback
201306,630425,12.50364,16,12.99,9,305,01/06/2013,01/06/2013,113182,2013,6,2,Matched (3),Non Fiction Harback
201307,630425,13.14916,16,12.99,9.49,306,01/07/2013,01/07/2013,110722,2013,7,3,Matched (3),Non Fiction Harback
201308,630425,10.93936,12.99,9,8.49,307,01/08/2013,01/08/2013,111818,2013,8,3,Matched (3),Non Fiction Harback
201309,630425,11.41455,12.99,11.99,8.49,308,01/09/2013,01/09/2013,111942,2013,9,3,Matched (3),Non Fiction Harback
201310,630425,12.53672,14,12.99,9.49,309,01/10/2013,01/10/2013,112357,2013,10,4,Matched (3),Non Fiction Harback
201311,630425,13.31397,15,14,9.99,310,01/11/2013,01/11/2013,111887,2013,11,4,Matched (3),Non Fiction Harback
201312,630425,12.87973,15,12.99,9.99,311,01/12/2013,01/12/2013,112786,2013,12,4,Matched (3),Non Fiction Harback
201401,630425,12.62422,15.99,11.99,9.99,312,01/01/2014,01/01/2014,113219,2014,1,1,Matched (3),Non Fiction Harback
201402,630425,12.92333,15,12.5,9.5,313,01/02/2014,01/02/2014,108434,2014,2,1,Matched (3),Non Fiction Harback
201403,630425,14.11477,18,12.99,10.99,314,01/03/2014,01/03/2014,111378,2014,3,1,Matched (3),Non Fiction Harback
201404,630425,14.29845,16,12.99,11.55,315,01/04/2014,01/04/2014,110845,2014,4,2,Matched (3),Non Fiction Harback
201405,630425,14.05411,16.99,13.99,10,316,01/05/2014,01/05/2014,111915,2014,5,2,Matched (3),Non Fiction Harback
201406,630425,14.21357,17,13.99,10,317,01/06/2014,01/06/2014,112673,2014,6,2,Matched (3),Non Fiction Harback
201407,630425,14.47519,17,15,10.495,318,01/07/2014,01/07/2014,110263,2014,7,3,Matched (3),Non Fiction Harback
201408,630425,15.78102,18,16.99,11.89,319,01/08/2014,01/08/2014,111493,2014,8,3,Matched (3),Non Fiction Harback
201409,630425,15.44733,18,17,11,320,01/09/2014,01/09/2014,111704,2014,9,3,Matched (3),Non Fiction Harback
201410,630425,14.64361,16,15,12,321,01/10/2014,01/10/2014,111105,2014,10,4,Matched (3),Non Fiction Harback
201411,630425,13.47242,15,13.99,9.99,322,01/11/2014,01/11/2014,111793,2014,11,4,Matched (3),Non Fiction Harback
201412,630425,13.08711,16,13.99,9,323,01/12/2014,01/12/2014,111959,2014,12,4,Matched (3),Non Fiction Harback
201501,630425,11.61372,15,10,9,324,01/01/2015,01/01/2015,112492,2015,1,1,Matched (3),Non Fiction Harback
201502,630425,11.7437,14.99,10,7.95,325,01/02/2015,01/02/2015,110362,2015,2,1,Matched (3),Non Fiction Harback
201503,630425,13.77652,17,14.99,9.4,326,01/03/2015,01/03/2015,113759,2015,3,1,Matched (3),Non Fiction Harback
201504,630425,14.03833,18,13.99,9.99,327,01/04/2015,01/04/2015,115935,2015,4,2,Matched (3),Non Fiction Harback
201505,630425,13.51583,17,12.99,9.99,328,01/05/2015,01/05/2015,116093,2015,5,2,Matched (3),Non Fiction Harback
201506,630425,12.21964,14.99,12.99,9.99,329,01/06/2015,01/06/2015,116584,2015,6,2,Matched (3),Non Fiction Harback
201507,630425,14.1765,16.99,14,12.99,330,01/07/2015,01/07/2015,114886,2015,7,3,Matched (3),Non Fiction Harback
201508,630425,13.28555,16.99,12.99,12.99,331,01/08/2015,01/08/2015,115736,2015,8,3,Matched (3),Non Fiction Harback
201509,630425,13.83964,16.99,12.99,11.89,332,01/09/2015,01/09/2015,115298,2015,9,3,Matched (3),Non Fiction Harback
201510,630425,14.7388,17,16,12.99,333,01/10/2015,01/10/2015,114195,2015,10,4,Matched (3),Non Fiction Harback
201511,630425,14.41994,16,15,10,334,01/11/2015,01/11/2015,114300,2015,11,4,Matched (3),Non Fiction Harback
201512,630425,15.01406,18,14,12,335,01/12/2015,01/12/2015,114817,2015,12,4,Matched (3),Non Fiction Harback
201601,630425,14.55408,17,16,10,336,01/01/2016,01/01/2016,115217,2016,1,1,Matched (3),Non Fiction Harback
201602,630425,14.59155,16,16,12.5,337,01/02/2016,01/02/2016,111438,2016,2,1,Matched (3),Non Fiction Harback
201603,630425,11.04306,12.99,11.99,9.99,338,01/03/2016,01/03/2016,114522,2016,3,1,Matched (3),Non Fiction Harback
201604,630425,11.49662,12.99,12.245,9.99,339,01/04/2016,01/04/2016,116360,2016,4,2,Matched (3),Non Fiction Harback
201605,630425,11.66553,12.99,10.99,10,340,01/05/2016,01/05/2016,116741,2016,5,2,Matched (3),Non Fiction Harback
201606,630425,11.84404,13.99,10.99,9,341,01/06/2016,01/06/2016,114788,2016,6,2,Matched (3),Non Fiction Harback
201607,630425,13.94371,16,14.99,10,342,01/07/2016,01/07/2016,115033,2016,7,3,Matched (3),Non Fiction Harback
201608,630425,14.10324,16.99,12.99,10.99,343,01/08/2016,01/08/2016,113719,2016,8,3,Matched (3),Non Fiction Harback
201609,630425,13.06591,14.99,12.99,10.99,344,01/09/2016,01/09/2016,114318,2016,9,3,Matched (3),Non Fiction Harback
201610,630425,13.88765,16,15,10,345,01/10/2016,01/10/2016,114629,2016,10,4,Matched (3),Non Fiction Harback
201611,630425,13.45888,15,14,10,346,01/11/2016,01/11/2016,114503,2016,11,4,Matched (3),Non Fiction Harback
201612,630425,13.83721,16,15,10,347,01/12/2016,01/12/2016,115774,2016,12,4,Matched (3),Non Fiction Harback
201701,630425,11.84952,14,10,10,348,01/01/2017,01/01/2017,115625,2017,1,1,Matched (3),Non Fiction Harback
201702,630425,12.89372,15,10,10,349,01/02/2017,01/02/2017,114063,2017,2,1,Matched (3),Non Fiction Harback
201703,630425,13.44662,14.99,12.99,11.99,350,01/03/2017,01/03/2017,115516,2017,3,1,Matched (3),Non Fiction Harback
201704,630425,11.80272,13.99,12.99,9.99,351,01/04/2017,01/04/2017,116889,2017,4,2,Matched (3),Non Fiction Harback
201705,630425,12.11763,14.99,12.99,9.99,352,01/05/2017,01/05/2017,117233,2017,5,2,Matched (3),Non Fiction Harback
201706,630425,14.19606,16.99,12.99,12.99,353,01/06/2017,01/06/2017,117390,2017,6,2,Matched (3),Non Fiction Harback
201707,630425,13.88933,16.99,13.99,10.99,354,01/07/2017,01/07/2017,117692,2017,7,3,Matched (3),Non Fiction Harback
201708,630425,14.59005,16.99,15.99,12.99,355,01/08/2017,01/08/2017,117018,2017,8,3,Matched (3),Non Fiction Harback
201709,630425,14.845,17,15,13.99,356,01/09/2017,01/09/2017,117013,2017,9,3,Matched (3),Non Fiction Harback
201710,630425,13.80471,16,13.99,11.99,357,01/10/2017,01/10/2017,116488,2017,10,4,Matched (3),Non Fiction Harback
201711,630425,14.2976,16,15,11,358,01/11/2017,01/11/2017,116285,2017,11,4,Matched (3),Non Fiction Harback
201712,630425,14.03533,16,15,10,359,01/12/2017,01/12/2017,117146,2017,12,4,Matched (3),Non Fiction Harback
201801,630425,13.86188,16,13,10,360,01/01/2018,01/01/2018,116458,2018,1,1,Matched (3),Non Fiction Harback
201802,630425,15.00151,17,15.5,12,361,01/02/2018,01/02/2018,122581,2018,2,1,Matched (3),Non Fiction Harback
201803,630425,14.43629,17,15,12,362,01/03/2018,01/03/2018,125211,2018,3,1,Matched (3),Non Fiction Harback
201804,630425,14.66268,17,16,10,363,01/04/2018,01/04/2018,126219,2018,4,2,Matched (3),Non Fiction Harback
201805,630425,14.39279,17,15,10,364,01/05/2018,01/05/2018,126941,2018,5,2,Matched (3),Non Fiction Harback
201806,630425,13.50586,16,12.99,10,365,01/06/2018,01/06/2018,126695,2018,6,2,Matched (3),Non Fiction Harback
201807,630425,14.70205,17,16,12,366,01/07/2018,01/07/2018,124520,2018,7,3,Matched (3),Non Fiction Harback
201808,630425,14.47156,17,16,10,367,01/08/2018,01/08/2018,124079,2018,8,3,Matched (3),Non Fiction Harback
201809,630425,14.60484,16,16,10,368,01/09/2018,01/09/2018,124265,2018,9,3,Matched (3),Non Fiction Harback
201810,630425,14.67415,16,15,12.28,369,01/10/2018,01/10/2018,124191,2018,10,4,Matched (3),Non Fiction Harback
201811,630425,13.73739,16,14.995,10,370,01/11/2018,01/11/2018,123289,2018,11,4,Matched (3),Non Fiction Harback
201812,630425,13.78129,16,14,10,371,01/12/2018,01/12/2018,125381,2018,12,4,Matched (3),Non Fiction Harback
201901,630425,12.92028,16,10,10,372,01/01/2019,01/01/2019,125531,2019,1,1,Matched (3),Non Fiction Harback
201902,630425,15.29318,20,16,11.99,373,01/02/2019,01/02/2019,124018,2019,2,1,Matched (3),Non Fiction Harback
201903,630425,16.43224,20,16,13,374,01/03/2019,01/03/2019,127885,2019,3,1,Matched (3),Non Fiction Harback
201904,630425,17.12828,20,18,13,375,01/04/2019,01/04/2019,128853,2019,4,2,Matched (3),Non Fiction Harback
201905,630425,16.81772,20,17,12.99,376,01/05/2019,01/05/2019,128682,2019,5,2,Matched (3),Non Fiction Harback
201906,630425,16.83353,20,18,12.99,377,01/06/2019,01/06/2019,129075,2019,6,2,Matched (3),Non Fiction Harback
201907,630425,14.40406,17,14.99,12.01,378,01/07/2019,01/07/2019,128486,2019,7,3,Matched (3),Non Fiction Harback
201908,630425,14.71605,18,13,12.5,379,01/08/2019,01/08/2019,127479,2019,8,3,Matched (3),Non Fiction Harback
201909,630425,14.36019,18,12.99,12.245,380,01/09/2019,01/09/2019,127702,2019,9,3,Matched (3),Non Fiction Harback
201910,630425,13.53673,16,12.99,10,381,01/10/2019,01/10/2019,127514,2019,10,4,Matched (3),Non Fiction Harback
201911,630425,13.93544,16,13.495,10,382,01/11/2019,01/11/2019,127910,2019,11,4,Matched (3),Non Fiction Harback
201912,630425,14.59184,18,14,10,383,01/12/2019,01/12/2019,127767,2019,12,4,Matched (3),Non Fiction Harback
202001,630425,14.11364,18,12.5,10,384,01/01/2020,01/01/2020,127661,2020,1,1,Matched (3),Non Fiction Harback
202002,630425,14.24687,16,14.99,10,385,01/02/2020,01/02/2020,126570,2020,2,1,Matched (3),Non Fiction Harback
202003,630425,14.84644,16.99,14.99,11.65,386,01/03/2020,01/03/2020,118933,2020,3,1,Matched (3),Non Fiction Harback
202004,630425,13.27474,16.99,12.99,10.65,387,01/04/2020,01/04/2020,74251,2020,4,2,Matched (3),Non Fiction Harback
202005,630425,13.03506,17.99,12.99,10,388,01/05/2020,01/05/2020,85259,2020,5,2,Matched (3),Non Fiction Harback
202006,630425,13.71801,17.99,12.99,10.65,389,01/06/2020,01/06/2020,94010,2020,6,2,Matched (3),Non Fiction Harback
202007,630425,14.89802,17.99,16,12.99,390,01/07/2020,01/07/2020,102371,2020,7,3,Matched (3),Non Fiction Harback
202008,630425,13.87404,16.99,13.6,12.99,391,01/08/2020,01/08/2020,112987,2020,8,3,Matched (3),Non Fiction Harback
202009,630425,14.9073,16.99,15,12.99,392,01/09/2020,01/09/2020,116062,2020,9,3,Matched (3),Non Fiction Harback
202010,630425,13.91153,16.495,14.99,10,393,01/10/2020,01/10/2020,116826,2020,10,4,Matched (3),Non Fiction Harback
202011,630425,14.81216,17.5,15.29,12.99,394,01/11/2020,01/11/2020,82553,2020,11,4,Matched (3),Non Fiction Harback
202012,630425,13.70981,16.495,14,10,395,01/12/2020,01/12/2020,94790,2020,12,4,Matched (3),Non Fiction Harback
202101,630425,11.40545,14,10,10,396,01/01/2021,01/01/2021,94079,2021,1,1,Matched (3),Non Fiction Harback
202102,630425,13.69016,16,14.99,10,397,01/02/2021,01/02/2021,98049,2021,2,1,Matched (3),Non Fiction Harback
202103,630425,15.59545,17.5,15.99,14,398,01/03/2021,01/03/2021,100972,2021,3,1,Matched (3),Non Fiction Harback
202104,630425,15.07571,17.34,14.99,12.99,399,01/04/2021,01/04/2021,102092,2021,4,2,Matched (3),Non Fiction Harback
202105,630425,14.59746,17.34,14.99,11,400,01/05/2021,01/05/2021,95210,2021,5,2,Matched (3),Non Fiction Harback
202106,630425,13.80338,16.99,13.99,11.14,401,01/06/2021,01/06/2021,109408,2021,6,2,Matched (3),Non Fiction Harback
202107,630425,14.08916,16.99,14.49,10,402,01/07/2021,01/07/2021,122056,2021,7,3,Matched (3),Non Fiction Harback
202108,630425,14.3249,16.99,14.99,12.99,403,01/08/2021,01/08/2021,123477,2021,8,3,Matched (3),Non Fiction Harback
202109,630425,14.35696,16.99,14.99,12.99,404,01/09/2021,01/09/2021,122686,2021,9,3,Matched (3),Non Fiction Harback
202110,630425,13.6869,16.99,12.99,10,405,01/10/2021,01/10/2021,123103,2021,10,4,Matched (3),Non Fiction Harback
202111,630425,13.3144,16,12.5,10,406,01/11/2021,01/11/2021,123532,2021,11,4,Matched (3),Non Fiction Harback
202112,630425,12.35786,13,11,10,407,01/12/2021,01/12/2021,123086,2021,12,4,Matched (3),Non Fiction Harback
202201,630425,12.74097,14.99,12.5,10,408,01/01/2022,01/01/2022,123655,2022,1,1,Matched (3),Non Fiction Harback
202202,630425,13.64592,16,13,10,409,01/02/2022,01/02/2022,121928,2022,2,1,Matched (3),Non Fiction Harback
202203,630425,13.19959,14.99,14,9.99,410,01/03/2022,01/03/2022,125713,2022,3,1,Matched (3),Non Fiction Harback
202204,630425,11.85524,14.99,10.99,8,411,01/04/2022,01/04/2022,127157,2022,4,2,Matched (3),Non Fiction Harback
202205,630425,11.84812,14.99,10.99,8.5,412,01/05/2022,01/05/2022,127155,2022,5,2,Matched (3),Non Fiction Harback
202206,630425,12.25423,14.99,10.99,9,413,01/06/2022,01/06/2022,127526,2022,6,2,Matched (3),Non Fiction Harback
202207,630425,12.41556,16,10.99,9,414,01/07/2022,01/07/2022,127040,2022,7,3,Matched (3),Non Fiction Harback
202208,630425,12.04995,16.99,10.99,8.49,415,01/08/2022,01/08/2022,125392,2022,8,3,Matched (3),Non Fiction Harback
202209,630425,13.49035,16.99,14.99,9,416,01/09/2022,01/09/2022,125502,2022,9,3,Matched (3),Non Fiction Harback
202210,630425,13.34638,16.99,12,10,417,01/10/2022,01/10/2022,125741,2022,10,4,Matched (3),Non Fiction Harback